{
  "id": "comprehensive_injection_test",
  "name": "Comprehensive Process Injection Test Suite",
  "description": "Tests multiple process injection techniques with customizable parameters",
  "author": "EDR Testing Tools",
  "version": "1.0",
  "globalParameters": {
    "target_process": "notepad.exe",
    "auto_launch_target": true,
    "cleanup_after_test": true,
    "max_test_duration": 120
  },
  "preconditions": [
    {
      "conditionType": "is_elevated",
      "parameters": {},
      "negate": false
    },
    {
      "conditionType": "memory_available",
      "parameters": {
        "min_mb": 500
      },
      "negate": false
    }
  ],
  "tests": [
    {
      "id": "dll_injection_basic",
      "name": "DLL Injection - Basic",
      "description": "Basic DLL injection using CreateRemoteThread",
      "techniqueId": "T1055.001",
      "category": "process_injection",
      "executionMode": "sequential",
      "priority": 10,
      "maxRetries": 3,
      "timeout": 60,
      "parameters": [
        {
          "name": "target_process",
          "type": "string",
          "value": "${globalParameters.target_process}",
          "description": "Target process name",
          "required": true
        },
        {
          "name": "dll_path",
          "type": "file_path",
          "value": "C:\\Windows\\System32\\kernel32.dll",
          "description": "DLL to inject (for testing purposes)",
          "required": true
        },
        {
          "name": "injection_method",
          "type": "string",
          "value": "CreateRemoteThread",
          "description": "Injection method to use",
          "required": true
        }
      ],
      "preconditions": [
        {
          "conditionType": "process_exists",
          "parameters": {
            "process_name": "${parameters.target_process}"
          },
          "negate": false
        }
      ],
      "postconditions": []
    },
    {
      "id": "dll_injection_advanced",
      "name": "DLL Injection - Advanced (NT API)",
      "description": "DLL injection using direct NT API calls",
      "techniqueId": "T1055.001",
      "category": "process_injection",
      "executionMode": "sequential",
      "priority": 9,
      "maxRetries": 3,
      "timeout": 60,
      "parameters": [
        {
          "name": "target_process",
          "type": "string",
          "value": "${globalParameters.target_process}",
          "required": true
        },
        {
          "name": "dll_path",
          "type": "file_path",
          "value": "C:\\Windows\\System32\\kernel32.dll",
          "required": true
        },
        {
          "name": "use_nt_api",
          "type": "boolean",
          "value": true,
          "description": "Use NT API instead of Win32 API",
          "required": false,
          "defaultValue": false
        }
      ],
      "dependencies": ["dll_injection_basic"]
    },
    {
      "id": "process_hollowing",
      "name": "Process Hollowing",
      "description": "Create suspended process and replace its memory",
      "techniqueId": "T1055.012",
      "category": "process_injection",
      "executionMode": "sequential",
      "priority": 8,
      "maxRetries": 2,
      "timeout": 90,
      "parameters": [
        {
          "name": "target_path",
          "type": "file_path",
          "value": "C:\\Windows\\System32\\notepad.exe",
          "description": "Legitimate process to hollow",
          "required": true
        },
        {
          "name": "payload_size",
          "type": "integer",
          "value": 4096,
          "description": "Size of payload in bytes",
          "required": true
        },
        {
          "name": "use_shellcode",
          "type": "boolean",
          "value": false,
          "description": "Use actual shellcode instead of demo payload",
          "required": false
        }
      ]
    },
    {
      "id": "apc_injection",
      "name": "APC Injection",
      "description": "Inject code via Asynchronous Procedure Call",
      "techniqueId": "T1055.004",
      "category": "process_injection",
      "executionMode": "sequential",
      "priority": 7,
      "maxRetries": 3,
      "timeout": 60,
      "parameters": [
        {
          "name": "target_process",
          "type": "string",
          "value": "${globalParameters.target_process}",
          "required": true
        },
        {
          "name": "thread_selection",
          "type": "string",
          "value": "alertable",
          "description": "Thread selection strategy: alertable, all, first",
          "required": true
        },
        {
          "name": "payload_type",
          "type": "string",
          "value": "demo",
          "description": "Payload type: demo, messagebox, custom",
          "required": false
        }
      ]
    },
    {
      "id": "shellcode_injection",
      "name": "Shellcode Injection",
      "description": "Direct shellcode injection into remote process",
      "techniqueId": "T1055",
      "category": "shellcode",
      "executionMode": "sequential",
      "priority": 6,
      "maxRetries": 2,
      "timeout": 60,
      "parameters": [
        {
          "name": "target_process",
          "type": "string",
          "value": "${globalParameters.target_process}",
          "required": true
        },
        {
          "name": "shellcode",
          "type": "shellcode",
          "value": "90909090C3",
          "description": "Hex-encoded shellcode (NOP sled + RET for testing)",
          "required": true
        },
        {
          "name": "allocation_type",
          "type": "string",
          "value": "RWX",
          "description": "Memory allocation type: RWX, RW_then_RX",
          "required": false
        }
      ]
    }
  ],
  "chains": [
    {
      "id": "injection_escalation",
      "name": "Injection Technique Escalation",
      "description": "Test injection techniques from simple to complex",
      "testIds": [
        "dll_injection_basic",
        "dll_injection_advanced",
        "apc_injection",
        "process_hollowing",
        "shellcode_injection"
      ],
      "executionMode": "sequential",
      "stopOnFirstFailure": false,
      "shareContext": true
    },
    {
      "id": "parallel_injection_test",
      "name": "Parallel Injection Test",
      "description": "Run multiple injection techniques simultaneously",
      "testIds": [
        "dll_injection_basic",
        "apc_injection",
        "shellcode_injection"
      ],
      "executionMode": "parallel",
      "stopOnFirstFailure": false,
      "shareContext": false
    }
  ]
}
