{
  "id": "edr_evasion_test",
  "name": "EDR Evasion Techniques Test",
  "description": "Tests various EDR evasion and anti-detection techniques",
  "author": "EDR Testing Tools",
  "version": "1.0",
  "globalParameters": {
    "enable_stealth": true,
    "delay_between_tests_ms": 5000,
    "randomize_timing": true,
    "use_obfuscation": true
  },
  "tests": [
    {
      "id": "api_hashing",
      "name": "API Call Obfuscation via Hashing",
      "description": "Use API hashing to avoid direct API calls",
      "techniqueId": "T1027",
      "category": "obfuscation",
      "executionMode": "sequential",
      "priority": 10,
      "maxRetries": 1,
      "timeout": 30,
      "parameters": [
        {
          "name": "hash_algorithm",
          "type": "string",
          "value": "djb2",
          "description": "Hash algorithm: djb2, sdbm, fnv1a",
          "required": true
        },
        {
          "name": "target_apis",
          "type": "string",
          "value": "VirtualAlloc,CreateRemoteThread,WriteProcessMemory",
          "description": "Comma-separated list of APIs to hash",
          "required": true
        }
      ]
    },
    {
      "id": "indirect_syscalls",
      "name": "Indirect System Calls",
      "description": "Use direct/indirect syscalls instead of Win32 API",
      "techniqueId": "T1106",
      "category": "evasion",
      "executionMode": "sequential",
      "priority": 9,
      "maxRetries": 2,
      "timeout": 45,
      "parameters": [
        {
          "name": "syscall_method",
          "type": "string",
          "value": "direct",
          "description": "Method: direct, indirect, heavens_gate",
          "required": true
        },
        {
          "name": "target_syscalls",
          "type": "string",
          "value": "NtAllocateVirtualMemory,NtCreateThreadEx",
          "required": true
        }
      ]
    },
    {
      "id": "ppid_spoofing",
      "name": "Parent Process ID Spoofing",
      "description": "Create process with spoofed parent PID",
      "techniqueId": "T1134.004",
      "category": "evasion",
      "executionMode": "sequential",
      "priority": 8,
      "maxRetries": 2,
      "timeout": 30,
      "parameters": [
        {
          "name": "target_parent",
          "type": "string",
          "value": "explorer.exe",
          "description": "Process to spoof as parent",
          "required": true
        },
        {
          "name": "child_process",
          "type": "file_path",
          "value": "C:\\Windows\\System32\\cmd.exe",
          "description": "Process to spawn",
          "required": true
        }
      ],
      "preconditions": [
        {
          "conditionType": "process_exists",
          "parameters": {
            "process_name": "explorer.exe"
          },
          "negate": false
        }
      ]
    },
    {
      "id": "timing_evasion",
      "name": "Timing-based Evasion",
      "description": "Use timing techniques to evade sandbox analysis",
      "techniqueId": "T1497.003",
      "category": "evasion",
      "executionMode": "sequential",
      "priority": 7,
      "maxRetries": 1,
      "timeout": 120,
      "parameters": [
        {
          "name": "delay_seconds",
          "type": "integer",
          "value": 60,
          "description": "Delay before execution",
          "required": true
        },
        {
          "name": "use_user_activity",
          "type": "boolean",
          "value": true,
          "description": "Wait for user activity detection",
          "required": false
        }
      ]
    },
    {
      "id": "memory_evasion",
      "name": "Memory Evasion (RW -> RX)",
      "description": "Allocate RW then change to RX to evade RWX detection",
      "techniqueId": "T1055",
      "category": "evasion",
      "executionMode": "sequential",
      "priority": 6,
      "maxRetries": 2,
      "timeout": 30,
      "parameters": [
        {
          "name": "allocation_stages",
          "type": "integer",
          "value": 2,
          "description": "Number of protection change stages",
          "required": true
        },
        {
          "name": "use_guard_pages",
          "type": "boolean",
          "value": true,
          "description": "Use guard pages for detection evasion",
          "required": false
        }
      ]
    }
  ],
  "chains": [
    {
      "id": "stealth_injection_chain",
      "name": "Stealthy Injection Chain",
      "description": "Combine evasion techniques for stealthy injection",
      "testIds": [
        "api_hashing",
        "indirect_syscalls",
        "memory_evasion",
        "ppid_spoofing"
      ],
      "executionMode": "sequential",
      "stopOnFirstFailure": true,
      "shareContext": true
    }
  ]
}
