{
  "version": "1.0",
  "profile": "aggressive",
  "execution": {
    "timeout_seconds": 120,
    "retry_count": 5,
    "delay_between_tests_ms": 500,
    "max_concurrent_tests": 3,
    "stop_on_first_failure": false
  },
  "logging": {
    "level": "DEBUG",
    "output_file": "logs/edr_test_aggressive.log",
    "format": "json",
    "max_file_size_mb": 50,
    "max_files": 10,
    "enable_console": true
  },
  "test_scenarios": {
    "process_injection": {
      "enabled": true,
      "techniques": [
        "dll_injection",
        "dll_injection_v2",
        "dll_injection_v3",
        "process_hollowing",
        "process_hollowing_v2",
        "process_hollowing_v3",
        "apc_injection",
        "apc_injection_v2",
        "apc_injection_v3"
      ]
    },
    "fileless": {
      "enabled": true,
      "techniques": [
        "memory_execution",
        "wmi_execution"
      ]
    },
    "shellcode": {
      "enabled": true,
      "techniques": [
        "shellcode_injection"
      ]
    }
  },
  "safety": {
    "require_confirmation": false,
    "sandbox_check": false,
    "allowed_targets": [
      "notepad.exe",
      "calc.exe",
      "cmd.exe",
      "powershell.exe"
    ],
    "max_execution_time_seconds": 600,
    "enable_cleanup": true
  },
  "performance": {
    "enable_monitoring": true,
    "export_format": "json",
    "export_path": "reports/performance_aggressive"
  },
  "detection": {
    "enable_validation": true,
    "etw_providers": [
      "Microsoft-Windows-Kernel-Process",
      "Microsoft-Windows-Kernel-File",
      "Microsoft-Windows-Kernel-Registry",
      "Microsoft-Windows-Kernel-Network",
      "Microsoft-Windows-Security-Auditing",
      "Microsoft-Windows-PowerShell"
    ],
    "sysmon_enabled": true,
    "windows_event_log_enabled": true
  },
  "reporting": {
    "auto_generate": true,
    "formats": [
      "html",
      "json",
      "csv",
      "txt"
    ],
    "output_directory": "reports/aggressive",
    "include_screenshots": true
  }
}
